Name	Title	coding
t3_1ggfwii	I lent a sum of money to someone (claiming to be a refugee) near concordia, but now...  General Montreal
t3_1ggmovw	Reggies     Administration
t3_1ggtisp	COMM 225	 School - Class Specific
t3_1ggpay9	EXCHANGE - CSEP	 School - Broad
t3_1ggnyas	Concordia Gym Membership	 Administration
t3_1gh8o02	Big Data Analytics - SOEN 6111 in Winter	 School - Class Specific
t3_1ggcoxx	My ultimate secret study tip	 Student Life
t3_1ghanee	Last minute clubbing tickets	 General Montreal
t3_1ggio3h	COEN 231 Second Midterm	 School - Class Specific
t3_1ghd6wn	Indu Eng to Mech Eng question	 Administration
t3_1ggpco9	PHIL 236 Midterm	 School - Class Specific
t3_1gggkly	No cops on campus insanity	 Student Life
t3_1ghaezq	Humanities+	 School - Broad
t3_1ggro2u	Bus shuttle reliability	 Student Life
t3_1gham05	ENGR 213 Project 	 School - Class Specific
t3_1ggharz	Who farted in the Faubourg?	 Student Life
t3_1gh9vyb	Metro green line	 General Montreal
t3_1ggsmh1	Can I borrow your opus for tonight?	 Student Life
t3_1ggv246	to the person who dm'ed me on reddit, come back!	 Student Life
t3_1ggqs3x	is fran 211 2 semester course as its 6 credits? 	 School - Class Specific
t3_1ggshzu	Grades ðŸ‡«ðŸ‡·	 School - Class Specific
t3_1ggpvy1	Xavier Ottenwaelder 	 School - Broad
t3_1ggsbw7	Fucked up COMP 232 midterm 	 School - Class Specific
t3_1ggmrvb	Looking For A French Partner!	 Student Life
t3_1ggqgbu	Transferring into JMSB	 Administration
